<?xml version="1.0" encoding="utf-8" ?>
<extension type="component" version="3.8" method="upgrade">
    <name>COM_ASM</name>
    <creationDate>21.03.2018</creationDate>
    <author>Sau</author>
    <authorEmail>akinaysau@gmail.com</authorEmail>
    <authorUrl>http://a-sau.ru</authorUrl>
    <copyright>AkinaySau</copyright>
    <license>GNU General Public License version 2 or later; see LICENSE.txt</license>
    <version>1.0</version>
    <description>COM_ASM_XML_DESCRIPTION</description>

    <!--<scriptfile>script.php</scriptfile>-->

    <install>
        <sql>
            <file driver="mysql" charset="utf8">sql/install/mysql/mysql.sql</file>
        </sql>
    </install>

    <update>
        <schemas>
            <schemapath type="mysql">sql/updates/mysql</schemapath>
        </schemas>
    </update>

    <media folder="media/com_asm" destination="com_asm">
        <folder>css</folder>
        <folder>images</folder>
        <folder>js</folder>
        <folder>src</folder>
        <folder>vendor</folder>
        <filename>composer.json</filename>
    </media>

    <!-- Front-end files -->
    <files folder="com">
        <filename>asm.php</filename>
        <filename>controller.php</filename>
    </files>
    <languages folder="com/language">
        <language tag="en-GB">en-GB/en-GB.com_asm.ini</language>
        <language tag="ru-RU">ru-RU/ru-RU.com_asm.ini</language>
    </languages>

    <administration>
        <menu link='index.php?option=com_asm'>COM_ASM</menu>
        <files folder="admin">
            <folder>sql</folder>
            <folder>views</folder>
            <filename>config.xml</filename>
            <filename>access.xml</filename>
            <filename>asm.php</filename>
            <filename>controller.php</filename>
            <filename>index.html</filename>
            <filename>LICENSE.txt</filename>
        </files>
        <languages folder="admin/language">
            <language tag="en-GB">en-GB/en-GB.com_asm.ini</language>
            <language tag="en-GB">en-GB/en-GB.com_asm.sys.ini</language>
            <language tag="ru-RU">ru-RU/ru-RU.com_asm.ini</language>
            <language tag="ru-RU">ru-RU/ru-RU.com_asm.sys.ini</language>
        </languages>
    </administration>
</extension>
